nombre,apellido,email
1,Guillermo,Redondo,gredondogalan@gmail.com
2,Sergio,Alonso,sergio.alro@usal.es
3,Albano,Carrera,acarrera@air-institute.com
4,Matheus,Zorawski,matheus.zorawski@usal.es
5,Diego,Plata,plata@usal.es
6,Daniel,Santos,dsantos@air-institute.com
7,Isaac,Froes,ifroes@air-institute.com
8,Trinidad,Burs,trinidadburs@usal.es
